CNT_d_nm,CNT_l_nm,CNT_wt_pct,CNT_vol_frac,Al_particle_size_um,Al_wt_pct,ISS_MPa,Sinter_T_K,Porosity_pct,sigma_y_MPa,Hardness_GPa,sigma_UTS_MPa
20.0,158.70781820836982,2.3489932885906,0.03,27.987561995001798,97.6510067114094,44.5,853.1,2.9358974358974357,57.4217628481194,0.2454,80.0
20.0,100.0,2.3489932885906,0.03,23.042401911296018,97.6510067114094,60.0,853.1,2.7564102564102564,85.4148722365777,0.365,119.0
20.0,947.536231884058,0.584307178631052,0.0075,13.783895440867811,99.415692821369,80.5,823.1,2.282051282051282,129.507780911031,0.5534,217.0
20.0,185.2607814752064,1.17056856187291,0.015,24.35862089494817,98.8294314381271,80.5,823.1,2.807692307692308,79.6737171583041,0.3404,126.0
20.0,2649.10798122066,0.116705568522841,0.0015,28.378948887136964,99.8832944314772,35.5,853.1,2.9487179487179485,50.0,0.2074,85.0
20.0,511.428571428571,5.93220338983051,0.075,2.5679837175175706,94.0677966101695,70.0,913.1,0.7307692307692308,379.047619047619,1.6197,398.0
20.0,159.047619047619,5.93220338983051,0.075,7.3784696444643165,94.0677966101695,70.0,913.1,1.705128205128205,202.857142857143,0.8668,213.0
20.0,158.70781820836982,7.95454545454546,0.1,25.044661764026408,92.0454545454546,44.5,873.1,2.8333333333333335,76.1904761904762,0.3256,80.0
20.0,1399.31034482759,0.311387900355872,0.004,22.724613747003602,99.6886120996441,58.0,873.1,2.7435897435897436,86.0715324222158,0.3678,148.0
20.0,605.034013605442,2.3489932885906,0.03,13.039082139400925,97.6510067114094,49.0,793.1,2.230769230769231,132.070054550675,0.5643,184.0
20.0,584.705882352941,0.584307178631052,0.0075,14.6727844494507,99.415692821369,85.0,833.1,2.33974358974359,122.942870357937,0.5253,206.0
20.0,1448.57142857143,1.17056856187291,0.015,8.019618670532576,98.8294314381271,70.0,823.1,1.782051282051282,183.376015681811,0.7836,290.0
20.0,848.571428571429,1.17056856187291,0.015,11.34840036114894,98.8294314381271,70.0,823.1,2.102564102564102,143.539157102659,0.6133,227.0
20.0,403.333333333333,2.3489932885906,0.03,8.360792207076733,97.6510067114094,80.0,873.1,1.8205128205128205,180.878552971576,0.7729,252.0
20.0,823.921568627451,2.3489932885906,0.03,6.788578925120634,97.6510067114094,68.0,903.1,1.6282051282051282,215.331610680448,0.9201,300.0
20.0,333.725490196079,2.3489932885906,0.03,11.19188944999011,97.6510067114094,68.0,903.1,2.0897435897435894,143.554407120299,0.6134,200.0
20.0,1848.57142857143,0.584307178631052,0.0075,8.596267161782194,99.415692821369,87.5,903.1,1.846153846153846,176.058964832968,0.7523,295.0
20.0,1255.65051020408,2.00250312891114,0.0256,8.838374078258772,97.9974968710889,49.0,833.1,1.8717948717948718,174.673092058933,0.7464,253.0
20.0,731.7922474068662,2.90163567107327,0.037,3.3901351364304406,97.0983643289267,147.3792307692308,773.1,0.9871794871794871,291.26287968744,1.2446,380.2
20.0,623.03899187341,2.90163567107327,0.037,4.117696482664305,97.0983643289267,137.16923076923078,773.1,1.1666666666666667,266.824989466427,1.1402,348.3
20.0,1027.13012477718,1.71951764180438,0.022,11.037537051443826,98.2804823581956,51.0,773.1,2.0769230769230766,143.947509373326,0.6151,215.0
20.0,787.816091954023,2.3489932885906,0.03,6.5115616972517065,97.6510067114094,72.5,833.1,1.5897435897435899,223.944875107666,0.9569,312.0
20.0,671.064259072624,1.71951764180438,0.022,5.214172133306117,98.2804823581956,141.88153846153847,823.1,1.3846153846153846,245.715050883771,1.0499,367.0
20.0,713.9013069250159,1.71951764180438,0.022,4.797311741015238,98.2804823581956,145.80846153846156,823.1,1.3076923076923075,251.740760578468,1.0757,376.0
20.0,828.2013623060326,1.71951764180438,0.022,3.7884966543475826,98.2804823581956,155.23307692307694,823.1,1.0897435897435899,273.165506159614,1.1672,408.0
20.0,638.6528497181191,1.5625,0.02,5.908353878125555,98.4375,138.74,823.1,1.5,233.75255152433,0.9988,355.0
20.0,258.04143126177,3.53535353535354,0.045,2.640308903288243,96.4646464646465,147.5,813.1,0.7564102564102564,375.949209510768,1.6064,453.0
20.0,928.212560386474,0.584307178631052,0.0075,17.454322774580643,99.415692821369,69.0,883.1,2.5,110.409859302031,0.4718,185.0
20.0,443.035752515521,5.32994923857868,0.0675,2.4631936372244967,94.6700507614213,86.5,903.1,0.6923076923076922,400.0,1.7092,420.0
20.0,937.3117834414645,1.5625,0.02,10.0,98.4375,163.08692307692309,823.1,1.0512820512820513,283.136893395667,1.2099,430.0
20.0,458.095238095238,2.3489932885906,0.03,3.3433802527227092,97.6510067114094,122.5,803.1,0.9743589743589743,291.415446454206,1.2452,406.0
20.0,346.530612244898,2.3489932885906,0.03,4.601550888209734,97.6510067114094,122.5,803.1,1.2692307692307692,261.986792994545,1.1195,365.0
20.0,164.21768707483,2.3489932885906,0.03,6.931476056456395,97.6510067114094,122.5,803.1,1.6474358974358976,213.896066609245,0.914,298.0
20.0,148.0,2.3489932885906,0.03,6.931476056456395,97.6510067114094,125.0,773.1,1.6474358974358976,213.896066609245,0.914,298.0
20.0,340.0,2.3489932885906,0.03,4.2336680758735605,97.6510067114094,125.0,773.1,1.1923076923076923,265.575653172552,1.1348,370.0
20.0,425.333333333333,1.17056856187291,0.015,7.276709839534773,98.8294314381271,125.0,773.1,1.6923076923076923,206.139934869898,0.8808,326.0
20.0,154.292565947242,2.3489932885906,0.03,15.4035870725167,97.6510067114094,69.5,893.1,2.3846153846153846,119.867929945449,0.5122,167.0
20.0,1187.60828625235,3.53535353535354,0.045,2.714671069457616,96.4646464646465,59.0,623.1,0.7820512820512822,355.20146064152,1.5178,428.0
20.0,1020.0,0.779510022271715,0.01,18.709371088876285,99.2204899777283,55.0,873.1,2.564102564102564,100.352755139277,0.4288,165.0
20.0,214.92218897949397,3.93258426966292,0.05,11.831188140019108,96.0674157303371,69.62615384615384,873.1,2.141025641025641,140.080546314131,0.5986,160.0
20.0,715.156695156695,1.17056856187291,0.015,16.976201773056665,98.8294314381271,58.5,873.1,2.4743589743589745,112.554933763318,0.481,178.0
20.0,772.136752136752,1.17056856187291,0.015,16.283464691144914,98.8294314381271,58.5,873.1,2.435897435897436,115.716589206108,0.4945,183.0
20.0,314.117647058824,0.467289719626168,0.006,21.797304869251224,99.5327102803738,68.0,873.1,2.7051282051282053,87.3465533522191,0.3732,148.0
20.0,312.47311827957,0.584307178631052,0.0075,18.196870927258757,99.415692821369,77.5,773.1,2.5384615384615383,102.651328648374,0.4386,172.0
20.0,662.570281124498,0.584307178631052,0.0075,14.6727844494507,99.415692821369,83.0,773.1,2.33974358974359,122.942870357937,0.5253,206.0
20.0,686.666666666666,0.584307178631052,0.0075,18.971008833728323,99.415692821369,66.0,773.1,2.5769230769230766,98.4736582964057,0.4208,165.0
20.0,2350.70866141732,0.194552529182879,0.0025,20.33511404507077,99.8054474708171,63.5,903.1,2.6410256410256414,94.3436929227849,0.4031,164.0
20.0,195.87100560300456,1.17056856187291,0.015,22.102125253792845,98.8294314381271,63.735769230769236,903.1,2.717948717948718,87.2616902209997,0.3729,138.0
20.0,612.592592592593,0.389321468298109,0.005,21.496688400204828,99.6106785317019,67.5,833.1,2.6923076923076925,90.8052374117578,0.388,155.0
20.0,532.941176470588,3.93258426966292,0.05,9.087299740349302,96.0674157303371,42.5,873.1,1.8974358974358974,169.847662405883,0.7258,194.0
20.0,594.497314849507,0.397116732296603,0.0051,17.94590966766,99.6028832677034,78.5,848.1,2.5256410256410255,105.528831356133,0.4509,180.0
20.0,526.658946149392,0.685785536159601,0.0088,16.511177795980487,99.3142144638404,78.5,848.1,2.448717948717949,115.714234056146,0.4945,192.0
20.0,515.049504950495,0.685785536159601,0.0088,25.75002441967357,99.3142144638404,50.5,848.1,2.858974358974359,74.1294311922182,0.3168,123.0
20.0,1887.68676867687,0.685785536159601,0.0088,17.213602331683493,99.3142144638404,50.5,848.1,2.4871794871794872,110.892807637139,0.4738,184.0
20.0,275.28181798503,1.17056856187291,0.015,15.618995691285367,98.8294314381271,85.33384615384615,796.1,2.3974358974358974,117.613582471782,0.5026,186.0
20.0,327.3594772471372,1.17056856187291,0.015,12.507004597391955,98.8294314381271,96.32923076923078,896.1,2.1923076923076925,134.054190774289,0.5728,212.0
13.2,327.3594772471372,1.17056856187291,0.015,12.507004597391955,98.8294314381271,54.0,850.1,2.1923076923076925,134.054190774289,0.5728,212.0
13.2,327.3594772471372,1.17056856187291,0.015,12.507004597391955,98.8294314381271,60.0,900.1,2.1923076923076925,134.054190774289,0.5728,212.0
20.0,612.592592592593,0.584307178631052,0.0075,13.40631734871248,99.415692821369,90.0,903.1,2.2564102564102564,131.298211061874,0.561,220.0
20.0,631.111111111111,0.779510022271715,0.01,11.507099970241326,99.2204899777283,90.0,903.1,2.115384615384615,142.926651258971,0.6107,235.0
20.0,285.6945584856387,0.779510022271715,0.01,2.0,99.2204899777283,87.69,873.1,2.423076923076923,116.165916555164,0.4964,191.0
20.0,600.3310222903464,0.779510022271715,0.01,2.0,99.2204899777283,134.81307692307692,873.1,1.6666666666666667,206.787495438511,0.8836,340.0
20.0,1720.0,0.389321468298109,0.005,12.859254272797015,99.6106785317019,80.0,903.1,2.217948717948718,133.571575031489,0.5708,228.0
20.0,4441.05263157895,0.779510022271715,0.01,7.909016490020116,99.2204899777283,47.5,903.1,1.7692307692307692,185.500547378664,0.7926,305.0
13.2,1060.81904761905,1.17056856187291,0.015,5.9909781618129765,98.8294314381271,84.0,900.1,1.5128205128205128,232.697840589333,0.9943,368.0
13.2,442.72380952381,1.17056856187291,0.015,9.606380887984411,98.8294314381271,84.0,900.1,1.9487179487179485,158.082772139492,0.6755,250.0
20.0,3106.61417322835,0.389321468298109,0.005,13.221424775595771,99.6106785317019,63.5,903.1,2.2435897435897436,131.81405430739,0.5632,225.0
20.0,210.96918967071088,1.17056856187291,0.015,19.23630540330548,98.8294314381271,68.44807692307693,903.1,2.58974358974359,98.0113187264852,0.4188,155.0
20.0,266.153846153846,0.584307178631052,0.0075,23.36463412548467,99.415692821369,65.0,823.1,2.769230769230769,84.747027139937,0.3621,142.0
20.0,197.777777777778,1.17056856187291,0.015,17.698409528056605,98.8294314381271,75.0,797.7666666666667,2.5128205128205128,107.496285054855,0.4593,170.0
20.0,731.111111111111,1.17056856187291,0.015,10.73518912666042,98.8294314381271,75.0,822.4333333333334,2.051282051282051,145.436150368333,0.6215,230.0
20.0,3157.93103448276,0.779510022271715,0.01,4.383236449927019,99.2204899777283,58.0,865.4333333333334,1.2243589743589742,263.0,1.1238,298.0
20.0,866.560846560846,0.389321468298109,0.005,4.004901664343976,99.6106785317019,189.0,869.7666666666667,1.141025641025641,268.31483054571,1.1465,458.0
20.0,798.0158175982322,3.1390134529148,0.04,2.991822853055909,96.8609865470852,152.87692307692308,883.7666666666667,0.8717948717948718,317.109726275933,1.355,402.0
20.0,100.0,0.389321468298109,0.005,5.667255434601474,99.6106785317019,200.0,853.1,1.4615384615384615,237.265297753303,1.0138,405.0
20.0,160.350877192983,2.3489932885906,0.03,5.142261132147174,97.6510067114094,142.5,857.7666666666667,1.3717948717948718,247.631352282515,1.0581,345.0
20.0,100.0,2.3489932885906,0.03,5.001400723275822,97.6510067114094,174.2,859.1,1.3461538461538463,249.78466838932,1.0673,348.0
20.0,662.8103710639374,2.3489932885906,0.03,4.538088823131116,97.6510067114094,188.7,863.7666666666667,1.2564102564102564,262.345679012346,1.121,365.5
20.0,353.333333333333,2.3489932885906,0.03,8.131767546813027,97.6510067114094,85.0,835.7666666666667,1.7948717948717947,183.031869078381,0.7821,255.0
140.0,4669.41176470588,2.3489932885906,0.03,5.435995342108624,97.6510067114094,85.0,855.1,1.4230769230769231,240.4536319265,1.0275,335.0
20.0,666.942800788955,2.3489932885906,0.03,5.589095757148086,97.6510067114094,84.5,853.7666666666667,1.4487179487179487,239.018087855297,1.0213,333.0
20.0,655.108481262328,2.3489932885906,0.03,5.746508121630123,97.6510067114094,84.5,852.4333333333334,1.4743589743589742,236.864771748493,1.0121,330.0
20.0,489.428007889546,2.3489932885906,0.03,7.17635345000141,97.6510067114094,84.5,841.7666666666667,1.6794871794871795,206.71834625323,0.8833,288.0
20.0,596.131687242798,3.53535353535354,0.045,2.054901022533454,96.4646464646465,135.0,901.8,0.525,514.544171957343,2.0,620.0
20.0,768.9304487060941,1.17056856187291,0.015,5.071341888060203,98.8294314381271,150.52076923076925,858.4333333333334,1.358974358974359,249.770779980398,1.0673,395.0
20.0,1193.144222247443,2.3489932885906,0.03,2.7526338856984163,97.6510067114094,178.40192307692305,887.7666666666667,0.7948717948717949,353.143841515934,1.509,492.0
20.0,1367.1491362863987,3.53535353535354,0.045,2.143809454025156,96.4646464646465,187.04115384615383,899.7666666666667,0.5641025641025641,481.347773766546,2.0,580.0
20.0,1410.1097858041046,3.53535353535354,0.045,2.085084727980338,96.4646464646465,189.0046153846154,901.1,0.5384615384615383,497.945972861944,2.0,600.0
20.0,1285.1145015205477,3.53535353535354,0.045,2.266267291171794,96.4646464646465,183.11423076923077,897.1,0.6153846153846152,439.852276028051,1.8795,530.0
20.0,482.962962962963,2.3489932885906,0.03,2.2979594875838187,97.6510067114094,180.0,896.4333333333334,0.6282051282051283,437.840941716911,1.8709,610.0
20.0,153.333333333333,2.3489932885906,0.03,3.206949058574887,97.6510067114094,175.0,880.4333333333334,0.935897435897436,301.464254952627,1.2882,420.0
20.0,367.670250896057,4.72972972972973,0.06,8.245484748342804,95.2702702702703,46.5,835.1,1.8076923076923075,180.952380952381,0.7732,190.0
20.0,187.5678089591662,1.24888492417484,0.016,24.022680160614136,98.7511150758252,60.98692307692308,783.7666666666667,2.7948717948717947,81.5858244629996,0.3486,128.0
20.0,169.8868626941785,1.24888492417484,0.016,26.4752530443911,98.7511150758252,54.70384615384616,779.1,2.8846153846153846,70.7502071515074,0.3023,111.0
20.0,360.277777777778,2.50671441360788,0.032,18.45134170824627,97.4932855863921,45.0,795.7666666666667,2.551282051282051,101.60076017835,0.4341,139.0
20.0,1614.20289855072,0.233488992661775,0.003,26.845491331291075,99.7665110073382,46.0,853.1,2.8974358974358974,65.817961375249,0.2812,114.0
20.0,5263.90243902439,0.155624722098711,0.002,26.110120880802285,99.8443752779013,41.0,779.7666666666667,2.871794871794872,71.6496618135962,0.3062,125.0
20.0,1427.40740740741,1.17056856187291,0.015,15.837416652102762,98.8294314381271,45.0,803.7666666666667,2.41025641025641,116.981251383224,0.4999,185.0
20.0,837.777777777778,1.95530726256983,0.025,13.97665378112913,98.0446927374302,45.0,809.7666666666667,2.2948717948717947,125.004292729833,0.5341,182.0
20.0,546.315789473684,7.54824063564132,0.095,20.619486692060736,92.4517593643587,14.0,791.1,2.653846153846154,93.3333333333333,0.3988,98.0
20.0,1175.01519756839,0.545292677498331,0.007,24.69925953044186,99.4547073225017,47.0,782.4333333333334,2.8205128205128207,78.4850016351042,0.3354,132.0
20.0,828.823529411765,0.779510022271715,0.01,27.601572896137426,99.2204899777283,34.0,773.1,2.923076923076923,58.0829582775818,0.2482,95.5
20.0,232.619047619048,2.5,0.0319148936170213,6.421757811076454,97.5,140.0,873.1,1.576923076923077,225.094348056526,0.9618,375.0
20.0,402.714285714286,2.5,0.0319148936170213,3.841476186172269,97.5,140.0,873.1,1.1025641025641026,270.713469262648,1.1568,451.0
20.0,276.286266924565,1.71951764180438,0.022,3.7362477871570965,98.2804823581956,188.0,873.1,1.0769230769230769,274.938395546226,1.1748,482.0
20.0,562.194092827004,3.1390134529148,0.04,3.076085125501074,96.8609865470852,118.5,773.1,0.8974358974358974,309.737287604239,1.3235,494.0
20.0,490.873786407767,3.1390134529148,0.04,2.603895211574552,96.8609865470852,154.5,773.1,0.7435897435897436,376.19913474199,1.6075,600.0
20.0,750.1315492353342,1.17056856187291,0.015,6.6949545693319825,98.8294314381271,200.0,833.1,1.6153846153846154,216.019618108175,0.9231,392.0
20.0,520.6914297545809,3.53535353535354,0.045,7.586278278179108,96.4646464646465,200.0,833.1,1.7307692307692308,192.140301105774,0.821,298.0
20.0,211.846522781775,1.17056856187291,0.015,4.4755019920337995,98.8294314381271,200.0,833.1,1.2435897435897436,262.86060672857,1.1232,477.0
20.0,280.162601626016,1.17056856187291,0.015,3.949668257992375,98.8294314381271,200.0,833.1,1.1282051282051282,270.024522635219,1.1538,490.0
20.0,297.777777777778,3.53535353535354,0.045,2.3626796591718393,96.4646464646465,200.0,833.1,0.6538461538461539,419.097972210581,1.7908,650.0
20.0,286.666666666667,3.53535353535354,0.045,2.3957201165392723,96.4646464646465,200.0,833.1,0.6666666666666666,412.650311099649,1.7633,640.0
20.0,100.0,3.53535353535354,0.045,3.1627205767426942,96.4646464646465,200.0,833.1,0.9230769230769229,303.040072213805,1.2949,470.0
20.0,499.166666666667,1.17056856187291,0.015,3.58378509709398,98.8294314381271,192.0,875.1,1.0384615384615385,287.658777174662,1.2292,522.0
20.0,353.333333333333,1.17056856187291,0.015,3.11910206986472,98.8294314381271,200.0,738.1,5.0,308.59945444025,1.3187,560.0
20.0,336.510903426791,2.94117647058824,0.0375,2.330094877663833,97.0588235294118,200.0,895.7666666666667,0.6410256410256411,421.801314263626,1.8024,682.0
20.0,1518.804265807416,0.0,0.0,2.4292226220810362,100.0,193.71692307692308,893.7666666666667,0.6794871794871794,405.0,1.7306,640.5
20.0,1615.7563685802893,1.5,0.019203413940256,2.0563283834529824,98.5,197.64384615384617,901.7666666666667,0.5256410256410255,505.0,2.0,798.6
20.0,1636.8897556072745,2.5,0.0319148936170213,2.054901022533454,97.5,198.4685,901.8,0.525,605.0,2.0,900.0
20.0,286.457680250784,1.71951764180438,0.022,2.8301595942080637,98.2804823581956,200.0,773.1,0.8205128205128205,342.24696541024,1.4624,600.0
20.0,360.909090909091,1.71951764180438,0.022,2.6772318155490304,98.2804823581956,200.0,773.1,0.7692307692307692,363.922606552889,1.5551,638.0
20.0,312.397660818713,2.3489932885906,0.03,2.114243210297179,97.6510067114094,200.0,900.4333333333334,0.5512820512820513,487.283099595912,2.0,820.0
20.0,244.74667379791543,0.584307178631052,0.0075,20.054663309598954,99.415692821369,96.5,792.4333333333334,2.628205128205128,94.6519016790078,0.4045,178.0
20.0,236.450216450217,0.436098255606978,0.0056,21.20021786855777,99.563901744393,82.5,823.1,2.6794871794871797,92.2375026090036,0.3941,175.0
20.0,230.06085535845398,0.951468425509158,0.0122,20.907836095816208,99.0485315744908,105.0,823.1,2.666666666666667,92.4283761639179,0.3949,170.0
20.0,564.308663905971,1.17056856187291,0.015,8.477712161672994,98.8294314381271,168.5,833.1,1.8333333333333333,177.995756757501,0.7606,323.0
20.0,245.519287833828,1.17056856187291,0.015,6.602621429288707,98.8294314381271,168.5,833.1,1.6025641025641026,217.12175901689,0.9278,394.0
20.0,452.601880877743,1.71951764180438,0.022,5.287088760580652,98.2804823581956,145.0,783.1,1.3974358974358974,244.136168659305,1.0432,428.0
20.0,447.981109799292,1.71951764180438,0.022,4.731149849664479,98.2804823581956,154.0,783.1,1.2948717948717947,258.396458884731,1.1041,453.0
20.0,1087.3812506316847,1.71951764180438,0.022,4.060907472066509,98.2804823581956,172.51153846153846,783.1,1.1538461538461537,267.523044629004,1.1431,469.0
20.0,100.0,1.71951764180438,0.022,3.534359499380328,98.2804823581956,200.0,783.1,1.0256410256410258,289.198685771653,1.2358,507.0
20.0,1074.0067891786746,1.71951764180438,0.022,4.29287302523085,98.2804823581956,171.72615384615386,823.1,1.205128205128205,265.241398192936,1.1334,465.0
20.0,1048.57142857143,0.779510022271715,0.01,11.668018884709326,99.2204899777283,87.5,873.1,2.128205128205128,142.58043688798,0.6093,265.0
20.0,1042.31102231102,1.71951764180438,0.022,2.869737438395472,98.2804823581956,136.5,823.1,0.8333333333333333,330.838733229899,1.4137,580.0
20.0,122.527233115468,8.0,0.149171270718232,16.742075312677873,90.0,34.0,800.4333333333334,2.4615384615384617,114.285714285714,0.4883,120.0
20.0,464.444444444444,1.75879396984925,0.0225,11.9966392056466,98.2412060301508,81.0,817.1,2.1538461538461537,138.958383965461,0.5938,243.0
20.0,908.888888888889,0.584307178631052,0.0075,19.778080396793513,99.415692821369,67.5,793.1,2.6153846153846154,95.715406192255,0.409,180.0
20.0,2410.12345679012,0.584307178631052,0.0075,12.164403991146802,99.415692821369,67.5,816.4333333333334,2.166666666666667,136.128577695652,0.5817,256.0
20.0,2824.93827160494,0.584307178631052,0.0075,10.44112332742683,99.415692821369,67.5,823.7666666666667,2.0256410256410255,147.295375084748,0.6294,277.0
20.0,462.93466252262533,0.584307178631052,0.0075,10.29712508331378,99.415692821369,157.5,824.4333333333334,2.0128205128205128,152.612897650984,0.6521,287.0
20.0,591.428571428571,0.584307178631052,0.0075,6.333192450825879,99.415692821369,175.0,848.4333333333334,1.5641025641025643,225.994709065047,0.9657,425.0
20.0,229.737827715356,1.17056856187291,0.015,6.245848535429977,98.8294314381271,178.0,849.1,1.0,227.041027195327,0.9702,412.0
20.0,113.189964157706,2.3489932885906,0.03,3.0336614472316237,97.6510067114094,200.0,883.1,0.8846153846153846,314.95127169004,1.3458,530.0
20.0,153.333333333334,0.389321468298109,0.005,10.587135288391895,99.6106785317019,135.0,823.1,2.0384615384615383,146.645291845155,0.6266,279.0
20.0,197.777777777778,0.779510022271715,0.01,9.47389495359101,99.2204899777283,135.0,828.4333333333334,1.9358974358974357,158.183579037986,0.6759,294.0
20.0,630.7976122699399,1.71951764180438,0.022,7.481652490593478,98.2804823581956,188.0,623.1,1.717948717948718,200.784886374007,0.858,352.0
20.0,143.307543520309,1.71951764180438,0.022,5.36102507696348,98.2804823581956,188.0,623.1,1.4102564102564104,243.565757050288,1.0408,427.0
20.0,569.78354978355,1.71951764180438,0.022,2.5325674950827612,98.2804823581956,200.0,623.1,0.7179487179487181,384.457424477503,1.6428,674.0
20.0,134.285714285714,2.3489932885906,0.03,3.2972701867176806,97.6510067114094,200.0,623.1,0.9615384615384616,292.369859757547,1.2493,492.0
20.0,960.8015700097492,1.71951764180438,0.022,4.932424148660941,98.2804823581956,164.65769230769232,783.1,1.3333333333333335,250.981107967509,1.0725,440.0
20.0,1034.8623474683097,1.71951764180438,0.022,4.665900426817629,98.2804823581956,169.37,783.1,1.282051282051282,259.537282102765,1.109,455.0
20.0,446.179604261796,1.17056856187291,0.015,9.343236192512594,98.8294314381271,109.5,873.1,1.923076923076923,159.259361309343,0.6805,289.0
20.0,100.0,1.71951764180438,0.022,3.8951966004757987,98.2804823581956,200.0,813.1,1.1153846153846154,270.37510267409,1.1553,474.0
20.0,100.0,1.71951764180438,0.022,2.9505612738151332,98.2804823581956,200.0,813.1,0.858974358974359,318.289677831523,1.3601,558.0
20.0,1636.8897556072745,1.5625,0.02,2.1737891614284215,98.4375,198.4685,873.1,0.5769230769230769,463.093691760321,1.9788,820.0
20.0,1595.883052522577,1.5625,0.02,2.23501217614386,98.4375,196.85846153846154,873.1,0.6025641025641024,440.503755576891,1.8823,780.0
41.87010796786046,195.87100560300456,1.5625,0.02,22.411208342709596,98.4375,63.735769230769236,787.1,2.730769230769231,87.3,0.373,138.0
24.384948827834656,440.5756042825908,3.0,0.038243626062323,8.961972688335473,97.0,115.17846153846153,831.1,1.8846153846153846,173.3,0.740402075,274.1
26.04938899136624,399.04505792598883,5.0,0.0633802816901408,9.808591731601767,95.0,108.89538461538461,826.7666666666667,1.967948717948718,158.1,0.6756,250.0
14.497755466305884,960.8015700097492,3.1390134529148,0.04,3.251796045443396,96.8609865470852,164.65769230769232,879.7666666666667,0.9487179487179488,300.0,1.2819,440.0
30.22162755592213,319.35615534211314,0.779510022271715,0.01,13.593795517873032,99.2204899777283,94.75846153846155,811.1,2.269230769230769,131.2,0.5606,207.5
36.84214662126292,237.29017914798948,5.0,0.0633802816901408,19.505311963766413,95.0,75.90923076923077,801.1,2.6025641025641026,96.0,0.4903325,174.0
18.88006739217189,646.6059073770396,2.5,0.0319148936170213,6.159709219391499,97.5,139.5253846153846,849.7666666666667,1.5384615384615383,227.4,0.971839015,359.6
42.743023028966874,189.9035655447166,5.0,0.0633802816901408,23.691372536564625,95.0,61.77230769230769,784.4333333333334,2.782051282051282,82.2,0.3512,130.0
14.497755466305884,960.8015700097492,1.5625,0.02,3.684719507675078,98.4375,164.65769230769232,873.7666666666667,1.064102564102564,278.2,1.1888,440.0
12.96912090998931,1135.5171242707659,1.0,0.0128205128205128,2.497639713755657,99.0,175.26038461538462,892.4333333333334,0.7051282051282053,385.0,1.6451,477.0
32.95753299365463,280.4398642282462,4.72972972972973,0.06,15.191149251228037,95.2702702702703,86.51192307692308,805.7666666666667,2.371794871794872,120.1,0.5132,190.0
21.280323845786093,540.3869722303289,5.0,0.0633802816901408,7.692367185769534,95.0,128.1373076923077,838.4333333333334,1.7435897435897436,189.7,0.8106,300.0
31.23602022630347,303.9317262494683,0.35,0.0044955044955045,14.17210771480232,99.65,91.61692307692309,913.15,2.3076923076923075,124.3,0.531324297,196.6
26.48295631652838,389.28915875347275,0.35,0.0044955044955045,10.01505904034925,99.65,107.32461538461538,913.15,1.9871794871794872,156.8,0.669990328,248.0
31.494894429384306,300.1934576755814,0.38,0.0048804155488327,14.370294937915645,99.62,90.83153846153846,913.15,2.3205128205128207,123.8,0.528970701,195.8
26.70243863732329,384.50101950167084,0.38,0.0048804155488327,10.155112783974817,99.62,106.53923076923078,913.15,2.0,156.2,0.6673425325,247.0
27.59870929597285,365.93018999941825,1.05,0.0134596211365902,10.885313396488465,98.95,103.39769230769232,913.15,2.064102564102564,144.3,0.616446019,228.2
23.985729159488884,451.6167829966717,1.05,0.0134596211365902,8.716480072396362,98.95,116.74923076923076,913.15,1.858974358974359,175.2,0.7487377275,277.1
15.487326805969092,870.2322925579007,4.5,0.0571227080394922,4.175279648693333,95.5,158.3746153846154,867.7666666666667,1.1794871794871795,265.6,1.1349,420.0
25.517397981563928,411.5844615801486,2.0,0.0255681818181818,9.214379405377331,98.0,110.85884615384617,829.7666666666667,1.9102564102564101,159.3,0.6807,252.0
26.04938899136624,399.04505792598883,5.0,0.0633802816901408,9.808591731601767,95.0,108.89538461538461,826.7666666666667,1.967948717948718,158.1,0.6756,250.0
31.88723403557989,294.6720895175174,3.4,0.0432937181663837,14.981641255810542,96.6,89.65346153846154,806.4333333333334,2.358974358974359,122.7,0.5243,194.0
16.612859265031066,783.3381522052716,5.0,0.0633802816901408,4.864398861117191,95.0,151.69884615384615,860.4333333333334,1.3205128205128207,251.7,1.0755,398.0
17.528444833223134,722.7914234558656,0.779510022271715,0.01,5.512014015081609,99.2204899777283,146.59384615384616,854.4333333333334,1.435897435897436,239.0,1.0213,378.0
11.601664655527525,1342.0035725993523,2.3489932885906,0.03,2.2041881145133853,97.6510067114094,185.86307692307693,898.4333333333334,0.5897435897435896,456.0,1.9485,571.0
15.745098643128172,848.9567540335341,0.779510022271715,0.01,4.383236449927019,99.2204899777283,156.80384615384617,865.4333333333334,1.2243589743589742,263.0,1.1238,415.9
48.777172274737005,155.78875294733254,1.0,0.0128205128205128,28.7758090569861,99.0,49.206153846153846,775.1,2.9615384615384617,50.0,0.192014207,71.0
44.912993688079986,176.3129602426669,2.0,0.0255681818181818,25.394894211359592,98.0,57.06,781.1,2.8461538461538463,75.5,0.322442652,119.4
22.268592670969667,504.82795426795104,2.0,0.0255681818181818,7.79993967409626,98.0,123.81769230769231,837.7666666666667,1.7564102564102564,187.2,0.8,296.0
49.20172216817287,153.77741162198703,6.0,0.0758426966292135,29.19848661422484,94.0,48.3815,774.4,2.975,50.0,0.151,60.0
49.1814219681895,153.8725982684688,2.3489932885906,0.03,29.178219044590595,97.6510067114094,48.42076923076923,773.15,2.9743589743589745,50.0,0.1837,68.0
46.99877545668708,164.71106004438315,4.33070866141732,0.055,27.2209071471407,95.6692913385827,52.74038461538462,773.15,2.91025641025641,60.4,0.2581,95.5
22.4531476859704,498.6187226752269,0.0,0.0,30.0,100.0,123.03230769230771,813.15,0.3,229.7,0.950264385,295.3
20.0,300.0,1.5,0.019203413940256,30.0,98.5,147.65,813.15,1.012820512820513,290.5,1.240541225,382.6
20.0,300.0,3.0,0.038243626062323,30.0,97.0,147.65,813.15,0.8076923076923077,350.0,1.49649479,452.9
17.967877201341558,696.4477662003499,0.0,0.0,3.0,100.0,144.2376923076923,851.7666666666667,0.8,234.8,1.003220295,371.3
12.5,1060.7968295680996,1.5625,0.02,3.0,98.4375,170.94076923076923,877.1,0.7,290.5,1.24152189,459.4
12.5,1245.9619800319724,3.1390134529148,0.04,3.0,96.8609865470852,181.15076923076924,885.1,0.9,327.3,1.39842829,517.6
